Data;ALPA4
2010-01-04;2,8176
2010-01-05;2,8274
2010-01-06;2,8200
2010-01-07;2,8495
2010-01-08;2,8789
2010-01-11;2,8801
2010-01-12;2,8801
2010-01-13;2,9154
2010-01-14;2,9156
2010-01-15;2,9279
2010-01-18;2,9646
2010-01-19;2,9769
2010-01-20;2,9646
2010-01-21;2,9595
2010-01-22;2,9766
2010-01-26;2,9720
2010-01-27;2,9764
2010-01-28;2,9769
2010-01-29;2,9793
2010-02-01;2,9766
2010-02-02;2,9989
2010-02-03;2,9891
2010-02-04;2,9401
2010-02-05;2,9156
2010-02-08;3,0134
2010-02-09;3,0381
2010-02-10;3,0871
2010-02-11;3,1116
2010-02-12;3,1116
2010-02-17;3,1165
2010-02-18;3,1606
2010-02-19;3,2096
2010-02-22;3,2096
2010-02-23;3,2096
2010-02-24;3,1863
2010-02-25;3,1214
2010-02-26;3,1753
2010-03-01;3,2439
2010-03-02;3,1802
2010-03-03;3,1851
2010-03-04;3,2096
2010-03-05;3,1851
2010-03-08;3,1606
2010-03-09;3,1165
2010-03-10;3,1361
2010-03-11;3,1410
2010-03-12;3,0871
2010-03-15;3,1802
2010-03-16;3,1606
2010-03-17;3,1018
2010-03-18;3,0920
2010-03-19;3,0136
2010-03-22;2,9940
2010-03-23;3,0087
2010-03-24;3,0626
2010-03-25;3,0430
2010-03-26;3,0283
2010-03-29;3,1067
2010-03-30;3,1116
2010-03-31;3,1067
2010-04-01;3,1557
2010-04-05;3,0626
2010-04-06;3,0528
2010-04-07;3,0136
2010-04-08;2,9548
2010-04-09;3,0430
2010-04-12;3,0136
2010-04-13;3,0871
2010-04-14;3,0479
2010-04-15;3,0332
2010-04-16;3,0381
2010-04-19;3,0871
2010-04-20;3,0381
2010-04-22;3,0871
2010-04-23;3,0969
2010-04-26;3,0479
2010-04-27;3,0136
2010-04-28;2,9940
2010-04-29;3,0626
2010-04-30;3,0234
2010-05-03;2,9450
2010-05-04;3,0136
2010-05-05;2,9891
2010-05-06;2,9842
2010-05-07;2,9891
2010-05-10;2,9891
2010-05-11;2,9891
2010-05-12;2,9009
2010-05-13;2,9891
2010-05-14;2,9156
2010-05-17;3,0871
2010-05-18;3,0871
2010-05-19;3,0381
2010-05-20;2,9646
2010-05-21;3,0381
2010-05-24;3,0781
2010-05-25;3,0382
2010-05-26;3,0133
2010-05-27;3,0731
2010-05-28;3,1877
2010-05-31;3,2375
2010-06-01;3,1628
2010-06-02;3,2873
2010-06-04;3,3371
2010-06-07;3,5014
2010-06-08;3,4865
2010-06-09;3,4865
2010-06-10;3,4865
2010-06-11;3,4317
2010-06-14;3,4865
2010-06-15;3,5861
2010-06-16;3,6359
2010-06-18;3,7355
2010-06-28;3,8800
2010-06-29;3,8551
2010-06-30;3,8601
2010-07-01;3,7853
2010-07-02;3,8252
2010-07-05;3,8551
2010-07-06;3,8252
2010-07-07;3,8352
2010-07-08;3,7804
2010-07-12;3,6260
2010-07-13;3,5562
2010-07-14;3,5811
2010-07-15;3,6608
2010-07-16;3,5861
2010-07-19;3,5861
2010-07-20;3,6857
2010-07-21;3,6359
2010-07-22;3,6857
2010-07-23;3,6857
2010-07-26;3,7455
2010-07-27;3,7804
2010-07-28;3,8352
2010-07-29;3,8750
2010-07-30;3,9547
2010-08-02;3,9547
2010-08-03;3,9049
2010-08-04;3,9796
2010-08-05;3,9298
2010-08-06;3,9248
2010-08-09;3,9149
2010-08-10;3,8650
2010-08-11;3,9348
2010-08-12;3,9348
2010-08-13;3,9497
2010-08-16;4,0593
2010-08-17;4,1589
2010-08-18;4,1689
2010-08-19;4,2087
2010-08-20;4,2187
2010-08-23;4,1988
2010-08-24;4,2137
2010-08-25;4,1440
2010-08-26;4,1938
2010-08-27;4,2386
2010-08-30;4,2585
2010-08-31;4,2336
2010-09-01;4,1738
2010-09-02;4,2834
2010-09-03;4,2237
2010-09-06;4,1838
2010-09-08;4,2386
2010-09-09;4,3581
2010-09-10;4,3781
2010-09-13;4,4229
2010-09-14;4,4528
2010-09-15;4,4677
2010-09-16;4,4976
2010-09-17;4,5823
2010-09-20;4,6968
2010-09-21;4,7167
2010-09-22;4,7566
2010-09-23;4,7616
2010-09-24;4,7317
2010-09-27;4,7167
2010-09-28;4,7267
2010-09-29;4,7267
2010-09-30;4,7317
2010-10-01;4,7317
2010-10-04;4,7317
2010-10-05;4,8562
2010-10-06;4,9558
2010-10-07;4,9558
2010-10-08;4,9757
2010-10-11;5,0206
2010-10-13;5,0305
2010-10-14;5,0554
2010-10-15;5,0206
2010-10-18;5,1003
2010-10-19;4,9558
2010-10-20;5,0903
2010-10-21;5,0754
2010-10-22;5,0803
2010-10-25;5,1252
2010-10-26;5,0754
2010-10-27;5,0803
2010-10-28;5,1202
2010-10-29;5,2298
2010-11-01;5,2298
2010-11-03;5,2796
2010-11-04;5,3045
2010-11-05;5,3194
2010-11-08;5,3543
2010-11-09;5,3095
2010-11-10;5,1800
2010-11-11;5,0056
2010-11-12;5,0803
2010-11-16;5,1351
2010-11-17;5,0803
2010-11-18;5,1999
2010-11-19;5,1800
2010-11-22;5,2049
2010-11-23;5,1301
2010-11-24;5,2049
2010-11-25;5,1800
2010-11-26;5,1252
2010-11-29;5,0853
2010-11-30;4,9060
2010-12-01;5,0305
2010-12-02;5,0754
2010-12-03;5,1052
2010-12-06;5,0754
2010-12-07;5,0654
2010-12-08;5,1551
2010-12-09;5,0903
2010-12-10;5,1301
2010-12-13;5,1800
2010-12-14;5,2049
2010-12-15;5,2049
2010-12-16;5,2298
2010-12-17;5,2397
2010-12-20;5,1152
2010-12-21;5,1551
2010-12-22;5,1301
2010-12-23;5,3045
2010-12-27;5,2796
2010-12-28;5,3045
2010-12-29;5,3045
2010-12-30;5,3742
2011-01-03;5,3642
2011-01-04;5,3792
2011-01-05;5,4290
2011-01-06;5,4340
2011-01-07;5,4489
2011-01-10;5,4688
2011-01-11;5,5286
2011-01-12;5,7029
2011-01-13;6,0366
2011-01-14;6,0516
2011-01-17;6,0516
2011-01-18;6,3255
2011-01-19;6,1512
2011-01-20;6,1213
2011-01-21;5,9769
2011-01-24;6,0516
2011-01-26;5,9271
2011-01-27;5,7278
2011-01-28;5,5236
2011-01-31;5,3294
2011-02-01;5,2497
2011-02-02;5,2148
2011-02-03;4,9359
2011-02-04;4,9807
2011-02-07;4,9309
2011-02-08;4,8413
2011-02-09;4,9508
2011-02-10;4,9309
2011-02-11;5,0754
2011-02-14;5,2049
2011-02-15;5,3194
2011-02-16;5,4290
2011-02-17;5,4788
2011-02-18;5,3692
2011-02-21;5,2049
2011-02-22;5,2298
2011-02-23;5,1600
2011-02-25;5,1999
2011-02-28;5,2995
2011-03-01;5,2248
2011-03-02;5,1501
2011-03-03;5,1800
2011-03-04;5,1849
2011-03-10;4,9807
2011-03-11;5,2447
2011-03-14;5,4041
2011-03-15;5,4041
2011-03-16;5,3891
2011-03-17;5,4788
2011-03-18;5,4788
2011-03-21;5,5286
2011-03-22;5,5037
2011-03-23;5,4290
2011-03-24;5,4340
2011-03-25;5,4888
2011-03-28;5,3886
2011-03-29;5,4339
2011-03-30;5,5246
2011-03-31;5,6404
2011-04-01;5,8418
2011-04-04;5,8418
2011-04-06;5,7159
2011-04-07;5,7864
2011-04-08;5,7159
2011-04-11;5,7109
2011-04-12;5,5900
2011-04-13;5,5548
2011-04-14;5,7310
2011-04-15;5,6404
2011-04-18;5,6404
2011-04-19;5,5548
2011-04-20;5,6857
2011-04-25;5,6152
2011-04-26;5,5900
2011-04-27;5,5094
2011-04-28;5,5900
2011-04-29;5,7814
2011-05-02;5,8418
2011-05-03;5,7663
2011-05-04;5,7612
2011-05-05;5,6656
2011-05-06;5,7915
2011-05-09;5,9123
2011-05-11;5,7663
2011-05-12;5,7411
2011-05-13;5,6404
2011-05-17;5,7310
2011-05-18;5,6857
2011-05-19;5,5699
2011-05-20;5,6555
2011-05-23;5,6051
2011-05-24;5,6958
2011-05-25;5,7612
2011-05-26;5,8569
2011-05-27;5,9375
2011-05-30;5,9577
2011-05-31;6,1944
2011-06-01;5,9879
2011-06-02;6,0936
2011-06-03;6,0433
2011-06-06;5,9425
2011-06-07;5,8872
2011-06-08;5,8418
2011-06-09;5,8418
2011-06-10;5,7915
2011-06-13;5,7159
2011-06-14;5,6706
2011-06-15;5,5900
2011-06-16;5,6807
2011-06-17;5,6253
2011-06-20;5,4641
2011-06-21;5,6102
2011-06-22;5,7159
2011-06-24;5,7965
2011-06-27;5,9123
2011-06-28;6,0483
2011-06-29;6,0382
2011-06-30;6,0936
2011-07-01;6,0332
2011-07-04;6,0433
2011-07-05;5,9929
2011-07-06;6,0433
2011-07-07;6,0433
2011-07-08;5,8116
2011-07-11;5,6404
2011-07-12;5,6656
2011-07-13;5,8922
2011-07-14;5,9929
2011-07-15;5,8418
2011-07-18;5,5951
2011-07-19;5,6102
2011-07-20;5,4893
2011-07-21;5,6404
2011-07-22;5,7159
2011-07-25;5,7310
2011-07-26;5,5648
2011-07-27;5,3684
2011-07-28;5,4440
2011-07-29;5,3987
2011-08-01;5,3936
2011-08-02;5,3483
2011-08-03;5,2123
2011-08-04;4,9706
2011-08-05;5,0864
2011-08-08;4,6986
2011-08-09;4,7339
2011-08-10;4,8346
2011-08-11;5,0864
2011-08-12;5,1217
2011-08-15;5,2627
2011-08-16;5,2576
2011-08-17;5,1166
2011-08-18;5,0361
2011-08-19;5,0361
2011-08-22;4,9001
2011-08-23;5,0361
2011-08-24;5,1317
2011-08-25;5,1116
2011-08-26;5,1368
2011-08-29;5,2879
2011-08-30;5,3282
2011-08-31;5,4138
2011-09-01;5,5397
2011-09-02;5,4591
2011-09-05;5,4389
2011-09-06;5,4591
2011-09-08;5,5397
2011-09-09;5,3886
2011-09-12;5,4641
2011-09-13;5,5397
2011-09-14;5,5850
2011-09-15;5,5346
2011-09-16;5,4440
2011-09-19;5,5648
2011-09-20;5,4389
2011-09-21;5,5044
2011-09-22;5,2879
2011-09-23;5,2174
2011-09-26;5,3382
2011-09-27;5,3382
2011-09-28;5,2476
2011-09-29;5,2727
2011-09-30;5,2576
2011-10-03;5,1670
2011-10-04;5,0612
2011-10-05;5,0965
2011-10-06;5,2778
2011-10-07;5,2979
2011-10-10;5,3987
2011-10-11;5,4742
2011-10-13;5,5397
2011-10-14;5,5397
2011-10-17;5,5397
2011-10-18;5,5397
2011-10-19;5,4843
2011-10-20;5,4389
2011-10-21;5,4893
2011-10-24;5,5397
2011-10-25;5,5900
2011-10-26;5,6102
2011-10-27;5,7915
2011-10-28;5,7915
2011-10-31;5,7411
2011-11-01;5,7159
2011-11-03;5,7864
2011-11-04;5,7915
2011-11-07;5,8519
2011-11-08;5,7612
2011-11-09;5,6202
2011-11-10;5,5799
2011-11-11;5,6152
2011-11-14;5,4843
2011-11-16;5,5799
2011-11-17;5,5648
2011-11-18;5,4138
2011-11-21;5,4389
2011-11-22;5,4138
2011-11-23;5,3533
2011-11-24;5,3936
2011-11-25;5,3130
2011-11-28;5,4138
2011-11-29;5,4188
2011-11-30;5,5246
2011-12-01;5,5246
2011-12-02;5,4893
2011-12-05;5,5749
2011-12-06;5,7411
2011-12-07;5,6404
2011-12-08;5,7612
2011-12-09;5,7713
2011-12-12;5,8217
2011-12-13;5,9677
2011-12-14;5,8872
2011-12-15;5,9879
2011-12-16;6,0936
2011-12-19;5,9677
2011-12-20;6,1440
2011-12-21;5,9425
2011-12-22;5,9174
2011-12-23;5,9929
2011-12-26;6,0433
2011-12-27;6,1440
2011-12-28;6,1289
2011-12-29;6,2447
2012-01-02;6,0533
2012-01-03;6,3454
2012-01-04;6,2900
2012-01-05;6,0936
2012-01-06;6,1944
2012-01-09;6,2900
2012-01-10;6,4310
2012-01-11;6,6476
2012-01-12;6,6476
2012-01-13;6,6174
2012-01-16;6,7231
2012-01-17;6,7987
2012-01-18;6,6980
2012-01-19;6,7987
2012-01-20;6,9749
2012-01-23;7,0253
2012-01-24;7,0001
2012-01-26;7,0958
2012-01-27;7,1210
2012-01-30;7,0706
2012-01-31;7,0757
2012-02-01;7,1512
2012-02-02;7,1512
2012-02-03;7,1764
2012-02-06;7,1210
2012-02-07;7,1865
2012-02-08;7,2721
2012-02-09;7,2771
2012-02-10;7,2267
2012-02-13;7,1462
2012-02-14;7,1210
2012-02-15;7,3275
2012-02-16;7,4231
2012-02-17;7,4030
2012-02-23;7,4534
2012-02-24;7,4534
2012-02-27;7,5944
2012-02-28;7,7555
2012-02-29;7,8865
2012-03-01;8,0829
2012-03-02;8,1534
2012-03-05;8,2440
2012-03-06;8,1836
2012-03-07;8,3850
2012-03-08;8,5009
2012-03-09;8,5462
2012-03-12;8,2591
2012-03-13;8,3045
2012-03-14;8,1685
2012-03-15;8,1735
2012-03-16;8,0577
2012-03-20;8,0829
2012-03-21;8,2340
2012-03-22;8,0577
2012-03-23;7,9570
2012-03-26;8,2088
2012-03-27;8,1332
2012-03-28;8,1131
2012-03-29;8,0426
2012-03-30;7,9519
2012-04-02;8,0577
2012-04-03;8,0325
2012-04-04;7,9771
2012-04-05;7,8814
2012-04-09;7,8059
2012-04-10;7,8059
2012-04-11;7,6750
2012-04-12;8,2994
2012-04-13;8,1584
2012-04-16;8,3296
2012-04-17;8,2591
2012-04-18;8,4052
2012-04-19;8,3599
2012-04-20;8,4404
2012-04-23;8,4606
2012-04-24;8,5613
2012-04-25;8,4304
2012-04-26;8,6031
2012-04-27;8,6142
2012-04-30;8,5864
2012-05-02;8,4479
2012-05-03;8,3815
2012-05-04;8,5588
2012-05-07;8,5311
2012-05-08;8,4036
2012-05-09;8,1821
2012-05-10;8,0658
2012-05-11;7,8940
2012-05-14;7,5893
2012-05-15;7,7001
2012-05-16;7,5339
2012-05-17;7,1739
2012-05-18;7,3124
2012-05-21;7,3345
2012-05-22;7,3678
2012-05-23;7,3124
2012-05-24;7,2847
2012-05-25;7,2071
2012-05-28;7,2126
2012-05-29;7,2071
2012-05-30;6,9966
2012-05-31;7,0631
2012-06-01;6,8747
2012-06-04;7,0908
2012-06-05;6,9966
2012-06-06;7,0077
2012-06-08;7,0077
2012-06-11;7,0354
2012-06-12;7,0908
2012-06-13;7,0354
2012-06-14;7,0631
2012-06-15;7,1960
2012-06-18;7,3678
2012-06-19;7,6170
2012-06-20;7,5007
2012-06-21;7,3179
2012-06-22;7,2016
2012-06-25;7,0354
2012-06-26;7,1406
2012-06-27;7,0520
2012-06-28;7,2902
2012-06-29;7,4231
2012-07-02;7,3068
2012-07-03;7,5616
2012-07-04;7,5062
2012-07-05;7,5284
2012-07-06;7,4785
2012-07-10;7,4121
2012-07-11;7,5339
2012-07-12;7,2348
2012-07-13;7,1905
2012-07-16;6,9800
2012-07-17;6,8692
2012-07-18;7,0077
2012-07-19;7,1018
2012-07-20;7,1074
2012-07-23;6,6476
2012-07-24;6,6808
2012-07-25;6,8526
2012-07-26;6,8692
2012-07-27;7,0243
2012-07-30;6,7916
2012-07-31;6,7473
2012-08-01;6,6199
2012-08-02;6,5091
2012-08-03;6,6310
2012-08-06;6,8415
2012-08-07;6,8692
2012-08-08;7,2570
2012-08-09;7,1406
2012-08-10;6,9800
2012-08-13;7,0575
2012-08-14;7,2016
2012-08-15;7,0908
2012-08-16;7,1462
2012-08-17;7,3456
2012-08-20;7,2293
2012-08-21;7,1129
2012-08-22;6,9467
2012-08-23;6,9301
2012-08-24;6,9689
2012-08-27;7,1129
2012-08-28;7,3345
2012-08-29;7,2348
2012-08-30;7,3124
2012-08-31;7,2625
2012-09-03;7,3622
2012-09-04;7,4896
2012-09-05;7,7223
2012-09-06;7,7832
2012-09-10;7,9993
2012-09-11;8,0325
2012-09-12;8,1987
2012-09-13;8,2153
2012-09-14;7,9494
2012-09-17;7,9716
2012-09-18;7,9217
2012-09-19;7,9771
2012-09-20;7,9162
2012-09-21;8,1488
2012-09-24;8,3372
2012-09-25;8,0325
2012-09-26;8,0934
2012-09-27;8,0381
2012-09-28;7,8940
2012-10-01;8,1488
2012-10-02;8,1932
2012-10-03;8,2541
2012-10-04;8,3095
2012-10-05;8,3095
2012-10-08;8,3594
2012-10-09;8,2873
2012-10-10;8,1932
2012-10-11;8,2264
2012-10-15;8,3372
2012-10-16;8,4757
2012-10-17;8,5311
2012-10-18;8,4479
2012-10-19;8,4203
2012-10-22;8,4757
2012-10-23;8,5255
2012-10-24;8,4479
2012-10-25;8,5311
2012-10-26;8,4757
2012-10-29;8,3649
2012-10-30;8,2541
2012-10-31;8,5200
2012-11-01;8,5200
2012-11-05;8,5311
2012-11-06;8,5533
2012-11-07;8,3926
2012-11-08;8,2818
2012-11-09;8,1045
2012-11-12;8,0270
2012-11-13;7,9273
2012-11-14;8,0879
2012-11-16;7,9993
2012-11-19;7,9993
2012-11-21;7,8885
2012-11-22;7,9162
2012-11-23;7,8940
2012-11-26;7,7777
2012-11-27;7,7001
2012-11-28;7,7555
2012-11-29;7,7611
2012-11-30;7,7832
2012-12-03;7,7943
2012-12-04;7,8386
2012-12-05;7,7888
2012-12-06;8,0436
2012-12-07;7,9162
2012-12-10;7,9937
2012-12-11;8,0325
2012-12-12;7,8940
2012-12-13;7,9217
2012-12-14;7,9771
2012-12-17;8,0381
2012-12-18;7,9716
2012-12-19;8,0325
2012-12-20;8,0325
2012-12-21;8,0270
2012-12-26;8,1987
2012-12-27;8,1932
2012-12-28;8,3649
2013-01-02;8,3981
2013-01-03;8,3926
2013-01-04;8,4148
2013-01-07;8,2264
2013-01-08;8,1156
2013-01-09;8,0491
2013-01-10;7,7943
2013-01-11;7,6891
2013-01-14;7,7777
2013-01-15;7,8774
2013-01-16;7,8663
2013-01-17;7,9771
2013-01-18;8,0214
2013-01-21;8,0325
2013-01-22;8,0325
2013-01-23;8,0048
2013-01-24;7,7611
2013-01-28;7,5893
2013-01-29;7,6337
2013-01-30;7,7555
2013-01-31;7,9771
2013-02-01;8,0879
2013-02-04;7,9383
2013-02-05;7,7832
2013-02-06;7,7500
2013-02-07;7,7168
2013-02-08;7,6724
2013-02-13;7,7223
2013-02-14;7,6503
2013-02-15;7,6669
2013-02-18;7,5007
2013-02-19;7,4287
2013-02-20;7,4231
2013-02-21;7,3124
2013-02-22;7,4730
2013-02-25;7,2570
2013-02-26;7,4231
2013-02-27;7,3511
2013-02-28;7,4508
2013-03-01;7,6891
2013-03-04;7,6447
2013-03-05;7,5229
2013-03-06;7,5229
2013-03-07;7,3844
2013-03-08;7,2459
2013-03-11;7,3124
2013-03-12;7,5783
2013-03-13;7,7278
2013-03-14;7,7832
2013-03-15;7,6447
2013-03-18;7,6392
2013-03-19;7,5616
2013-03-20;7,6780
2013-03-21;7,4453
2013-03-22;7,1739
2013-03-25;7,1486
2013-03-26;7,2603
2013-03-27;7,3720
2013-04-01;7,7071
2013-04-02;7,6736
2013-04-03;7,5117
2013-04-04;7,4726
2013-04-05;7,4502
2013-04-08;7,4223
2013-04-09;7,4000
2013-04-10;7,4167
2013-04-11;7,3162
2013-04-12;7,2603
2013-04-15;7,1766
2013-04-16;7,2603
2013-04-17;7,3441
2013-04-18;7,4335
2013-04-19;7,7965
2013-04-22;7,9473
2013-04-23;8,1651
2013-04-24;8,0869
2013-04-25;8,1461
2013-04-29;8,1707
2013-04-30;8,1522
2013-05-02;8,0171
2013-05-03;8,2505
2013-05-06;8,2014
2013-05-07;8,1707
2013-05-08;8,2075
2013-05-09;8,3304
2013-05-10;8,4348
2013-05-13;8,6314
2013-05-14;8,9693
2013-05-15;9,0921
2013-05-16;9,0799
2013-05-17;9,3379
2013-05-20;9,1966
2013-05-21;9,1843
2013-05-22;9,3686
2013-05-23;9,3072
2013-05-24;9,4792
2013-05-27;9,4239
2013-05-28;9,4915
2013-05-29;9,3195
2013-05-31;9,2457
2013-06-03;9,2335
2013-06-04;9,1843
2013-06-05;9,2212
2013-06-06;9,1536
2013-06-07;9,0553
2013-06-10;8,9079
2013-06-11;8,7850
2013-06-12;8,8648
2013-06-13;8,9755
2013-06-14;9,0061
2013-06-17;9,1843
2013-06-18;9,0307
2013-06-19;8,9693
2013-06-20;8,7236
2013-06-21;8,6314
2013-06-24;8,5085
2013-06-25;8,4041
2013-06-26;8,6437
2013-06-27;8,7420
2013-06-28;8,8587
2013-07-01;8,9816
2013-07-02;8,5639
2013-07-03;8,4779
2013-07-04;8,6744
2013-07-05;8,6007
2013-07-08;8,5699
2013-07-10;8,5085
2013-07-11;8,4287
2013-07-12;8,2382
2013-07-15;8,2321
2013-07-16;8,1707
2013-07-17;8,2321
2013-07-18;8,2321
2013-07-19;8,2321
2013-07-22;8,2260
2013-07-23;8,2198
2013-07-24;8,1399
2013-07-25;8,1399
2013-07-29;8,4348
2013-07-30;8,5699
2013-07-31;8,6069
2013-08-01;8,6007
2013-08-02;8,4779
2013-08-05;8,5699
2013-08-06;8,3980
2013-08-07;8,3795
2013-08-08;8,4779
2013-08-09;8,4779
2013-08-12;8,6314
2013-08-13;8,4779
2013-08-14;8,3857
2013-08-15;8,3243
2013-08-16;8,1645
2013-08-19;8,0785
2013-08-20;7,8082
2013-08-21;7,7959
2013-08-22;7,7591
2013-08-23;7,7652
2013-08-26;7,5809
2013-08-27;7,4027
2013-08-28;7,3597
2013-08-29;7,4335
2013-08-30;7,6362
2013-09-02;7,8942
2013-09-03;7,8512
2013-09-04;7,8512
2013-09-05;7,8635
2013-09-06;8,0355
2013-09-09;8,1707
2013-09-10;8,1092
2013-09-11;8,2260
2013-09-12;8,3243
2013-09-13;8,2198
2013-09-16;8,3672
2013-09-17;8,4779
2013-09-18;8,6990
2013-09-19;8,5699
2013-09-20;8,4655
2013-09-23;8,5884
2013-09-24;8,6928
2013-09-25;8,9079
2013-09-26;8,9386
2013-09-27;8,8772
2013-09-30;8,7666
2013-10-01;8,9017
2013-10-02;8,8464
2013-10-03;8,8772
2013-10-04;8,9079
2013-10-07;8,7912
2013-10-08;8,8956
2013-10-09;8,9509
2013-10-10;9,0553
2013-10-11;9,0615
2013-10-14;9,0861
2013-10-15;8,9570
2013-10-16;9,1229
2013-10-17;9,1475
2013-10-18;9,0246
2013-10-21;9,2150
2013-10-22;9,3379
2013-10-23;9,2396
2013-10-24;9,3072
2013-10-25;9,3379
2013-10-28;9,4300
2013-10-29;9,4976
2013-10-30;9,5222
2013-10-31;9,5222
2013-11-01;9,4669
2013-11-04;9,5837
2013-11-05;9,6757
2013-11-06;9,5222
2013-11-07;9,4608
2013-11-08;9,4300
2013-11-11;9,3564
2013-11-12;9,1352
2013-11-13;9,0615
2013-11-14;9,0553
2013-11-18;9,1536
2013-11-19;9,1229
2013-11-21;9,2150
2013-11-22;9,1536
2013-11-25;9,0921
2013-11-26;9,1229
2013-11-27;9,1291
2013-11-28;9,1905
2013-11-29;9,2519
2013-12-02;9,2519
2013-12-03;9,1413
2013-12-04;8,9693
2013-12-05;8,8464
2013-12-06;8,9079
2013-12-09;8,7912
2013-12-10;8,7850
2013-12-11;8,8280
2013-12-12;8,6560
2013-12-13;8,7482
2013-12-16;8,6314
2013-12-17;8,7113
2013-12-18;8,7850
2013-12-19;8,7236
2013-12-20;8,6375
2013-12-23;8,7788
2013-12-26;8,8526
2013-12-27;9,0000
2013-12-30;9,0921
2014-01-02;8,6007
2014-01-03;8,5085
2014-01-06;8,3857
2014-01-07;8,1338
2014-01-08;8,1461
2014-01-09;7,9249
2014-01-10;7,8942
2014-01-13;7,7959
2014-01-14;8,0171
2014-01-15;8,1215
2014-01-16;7,9864
2014-01-17;8,0478
2014-01-20;8,0478
2014-01-21;7,9249
2014-01-22;8,1399
2014-01-23;7,9249
2014-01-24;7,8144
2014-01-27;7,7713
2014-01-28;7,9004
2014-01-29;7,7713
2014-01-30;7,7713
2014-01-31;7,7406
2014-02-03;7,6301
2014-02-04;7,7406
2014-02-05;7,5379
2014-02-06;7,4642
2014-02-07;7,4949
2014-02-10;7,3720
2014-02-11;7,5563
2014-02-12;7,7406
2014-02-13;7,6792
2014-02-14;7,7713
2014-02-17;7,6792
2014-02-18;7,6792
2014-02-19;7,7161
2014-02-20;7,6116
2014-02-21;7,5625
2014-02-24;7,5870
2014-02-25;7,4703
2014-02-26;7,5625
2014-02-27;7,6792
2014-02-28;7,8819
2014-03-05;8,1707
2014-03-06;8,2935
2014-03-07;7,9434
2014-03-10;7,5379
2014-03-11;7,5072
2014-03-12;7,6976
2014-03-13;7,4949
2014-03-14;7,5563
2014-03-17;7,4949
2014-03-18;7,4703
2014-03-19;7,5440
2014-03-20;7,6485
2014-03-21;7,5625
2014-03-24;7,7284
2014-03-25;7,5615
2014-03-26;7,5429
2014-03-27;7,6666
2014-03-28;7,7841
2014-03-31;7,7903
2014-04-01;8,0314
2014-04-02;8,0376
2014-04-03;7,9572
2014-04-04;7,9201
2014-04-07;8,0376
2014-04-08;7,9448
2014-04-09;7,8830
2014-04-10;7,8583
2014-04-11;7,8768
2014-04-14;7,8830
2014-04-15;7,6666
2014-04-16;7,6666
2014-04-17;7,6357
2014-04-22;7,6295
2014-04-23;7,6357
2014-04-24;7,5831
2014-04-25;7,5491
2014-04-28;7,3723
2014-04-29;7,5491
2014-04-30;7,4811
2014-05-02;7,4811
2014-05-05;7,4811
2014-05-06;7,5015
2014-05-07;7,5967
2014-05-08;7,8688
2014-05-09;7,9844
2014-05-12;8,0048
2014-05-13;7,8756
2014-05-14;7,8212
2014-05-15;7,9844
2014-05-16;8,0524
2014-05-19;8,0500
2014-05-20;8,2484
2014-05-21;8,0979
2014-05-22;8,1252
2014-05-23;8,1252
2014-05-26;8,2073
2014-05-27;8,1800
2014-05-28;8,2415
2014-05-29;8,1936
2014-05-30;8,1047
2014-06-02;8,0910
2014-06-03;8,0979
2014-06-04;8,0021
2014-06-05;7,9337
2014-06-06;8,0432
2014-06-09;8,1389
2014-06-10;8,1800
2014-06-11;8,2347
2014-06-13;8,0705
2014-06-16;8,1936
2014-06-17;8,0979
2014-06-18;8,1047
2014-06-20;8,1389
2014-06-23;7,9132
2014-06-24;8,1252
2014-06-25;7,8448
2014-06-26;7,9611
2014-06-27;7,8995
2014-06-30;7,8653
2014-07-01;7,7833
2014-07-02;7,6533
2014-07-03;7,7286
2014-07-04;7,7833
2014-07-07;7,7080
2014-07-08;7,7080
2014-07-10;7,6738
2014-07-11;7,7559
2014-07-14;7,9064
2014-07-15;7,9337
2014-07-16;7,6944
2014-07-17;7,6260
2014-07-18;7,6944
2014-07-21;7,6260
2014-07-22;7,6602
2014-07-23;7,6191
2014-07-24;7,6602
2014-07-25;7,6260
2014-07-28;7,4208
2014-07-29;7,3045
2014-07-30;7,3524
2014-07-31;7,2635
2014-08-01;7,1951
2014-08-04;7,1746
2014-08-05;6,9762
2014-08-06;6,9010
2014-08-07;6,8052
2014-08-08;6,6684
2014-08-11;7,0583
2014-08-12;7,1746
2014-08-13;7,2566
2014-08-14;7,3387
2014-08-15;7,3114
2014-08-18;7,1449
2014-08-19;7,2550
2014-08-20;7,1655
2014-08-21;7,2481
2014-08-22;7,2757
2014-08-25;7,1655
2014-08-26;7,1380
2014-08-27;7,4753
2014-08-28;7,5716
2014-08-29;7,5372
2014-09-01;7,7781
2014-09-02;7,9296
2014-09-03;7,9020
2014-09-04;7,7781
2014-09-05;7,7368
2014-09-08;7,7437
2014-09-09;7,5028
2014-09-10;7,4064
2014-09-11;7,4753
2014-09-12;7,3307
2014-09-15;7,3789
2014-09-16;7,2688
2014-09-17;7,1173
2014-09-18;6,9590
2014-09-19;7,1173
2014-09-22;7,0898
2014-09-23;6,9866
2014-09-24;6,9866
2014-09-25;6,9590
2014-09-26;6,9177
2014-09-29;6,9797
2014-09-30;7,0967
2014-10-01;6,8764
2014-10-02;6,9040
2014-10-03;6,8833
2014-10-06;7,1586
2014-10-07;7,0210
2014-10-08;7,0416
2014-10-09;6,8833
2014-10-10;6,6768
2014-10-13;6,6630
2014-10-14;6,5667
2014-10-15;6,3051
2014-10-16;5,9885
2014-10-17;6,2432
2014-10-20;6,1950
2014-10-21;6,0573
2014-10-22;6,0435
2014-10-23;5,9196
2014-10-24;6,0367
2014-10-27;5,7476
2014-10-28;5,9265
2014-10-29;5,8508
2014-10-30;5,8508
2014-10-31;5,9816
2014-11-03;5,7476
2014-11-04;5,6650
2014-11-05;5,6925
2014-11-06;5,5617
2014-11-07;5,6030
2014-11-10;5,5066
2014-11-11;5,4034
2014-11-12;5,5066
2014-11-13;5,3346
2014-11-14;5,3759
2014-11-17;5,3618
2014-11-18;5,5001
2014-11-19;5,6039
2014-11-21;5,7769
2014-11-24;5,6039
2014-11-25;5,5416
2014-11-26;5,6247
2014-11-27;5,6385
2014-11-28;5,5970
2014-12-01;5,4655
2014-12-02;5,5555
2014-12-03;5,6731
2014-12-04;5,7077
2014-12-05;5,7838
2014-12-08;5,6662
2014-12-09;5,6731
2014-12-10;5,5347
2014-12-11;5,5070
2014-12-12;5,1888
2014-12-15;5,1888
2014-12-16;5,0435
2014-12-17;5,0504
2014-12-18;5,1196
2014-12-19;5,0227
2014-12-22;5,0435
2014-12-23;5,0158
2014-12-26;5,0158
2014-12-29;5,0158
2014-12-30;5,0158
2015-01-02;4,8290
2015-01-05;4,6976
2015-01-06;4,6561
2015-01-07;4,6007
2015-01-08;4,6699
2015-01-09;4,6492
2015-01-12;4,8429
2015-01-13;4,8705
2015-01-14;4,7737
2015-01-15;4,8982
2015-01-16;4,9121
2015-01-19;4,8913
2015-01-20;5,1127
2015-01-21;5,3272
2015-01-22;5,5970
2015-01-23;5,7423
2015-01-26;5,8114
2015-01-27;5,8599
2015-01-28;5,8253
2015-01-29;5,9014
2015-01-30;5,9014
2015-02-02;5,8114
2015-02-03;5,7146
2015-02-04;5,6731
2015-02-05;5,7423
2015-02-06;5,6247
2015-02-09;5,7008
2015-02-10;5,5901
2015-02-11;5,5347
2015-02-12;5,6731
2015-02-13;5,7423
2015-02-18;5,8391
2015-02-19;5,8114
2015-02-20;5,8253
2015-02-23;5,9152
2015-02-24;5,9152
2015-02-25;5,9498
2015-02-26;6,2611
2015-02-27;6,4064
2015-03-02;6,4133
2015-03-03;6,3995
2015-03-04;6,3442
2015-03-05;6,3649
2015-03-06;6,3303
2015-03-09;6,3303
2015-03-10;6,3096
2015-03-11;6,3995
2015-03-12;6,4341
2015-03-13;6,6970
2015-03-16;6,5412
2015-03-17;6,7644
2015-03-18;6,6947
2015-03-19;6,8062
2015-03-20;7,0991
2015-03-23;6,8829
2015-03-24;6,8899
2015-03-25;6,8341
2015-03-26;6,8341
2015-03-27;6,7714
2015-03-30;6,7714
2015-03-31;6,8271
2015-04-01;6,7714
2015-04-02;6,8341
2015-04-06;6,9945
2015-04-07;7,3014
2015-04-08;7,3920
2015-04-09;7,0782
2015-04-10;7,0921
2015-04-13;7,0643
2015-04-14;7,0991
2015-04-15;7,0921
2015-04-16;7,2525
2015-04-17;7,2874
2015-04-20;7,2944
2015-04-22;7,0852
2015-04-23;7,2595
2015-04-24;7,3223
2015-04-27;7,3083
2015-04-28;7,3223
2015-04-29;7,1758
2015-04-30;6,9108
2015-05-04;7,3432
2015-05-05;7,0433
2015-05-06;7,0782
2015-05-07;7,0015
2015-05-08;7,3153
2015-05-11;6,9875
2015-05-12;6,8341
2015-05-13;6,8690
2015-05-14;7,0085
2015-05-15;7,2525
2015-05-18;7,2725
2015-05-19;7,2233
2015-05-20;7,1741
2015-05-21;7,2865
2015-05-22;7,0265
2015-05-25;6,8368
2015-05-26;6,8930
2015-05-27;6,8860
2015-05-28;6,9563
2015-05-29;6,9563
2015-06-01;6,9703
2015-06-02;6,8860
2015-06-03;6,9282
2015-06-05;6,8579
2015-06-08;6,7244
2015-06-09;6,6401
2015-06-10;6,7033
2015-06-11;6,5979
2015-06-12;6,5347
2015-06-15;6,2114
2015-06-16;6,2536
2015-06-17;6,1833
2015-06-18;6,2396
2015-06-19;5,9655
2015-06-22;6,0428
2015-06-23;5,9023
2015-06-24;5,7477
2015-06-25;5,6493
2015-06-26;5,6915
2015-06-29;5,7126
2015-06-30;5,8039
2015-07-01;5,8953
2015-07-02;5,8601
2015-07-03;5,8671
2015-07-06;5,8320
2015-07-07;5,8250
2015-07-08;5,8180
2015-07-10;5,8180
2015-07-13;5,8601
2015-07-14;5,8180
2015-07-15;5,8953
2015-07-16;6,0007
2015-07-17;5,9304
2015-07-20;5,8320
2015-07-21;5,7196
2015-07-22;5,7055
2015-07-23;5,4807
2015-07-24;5,5228
2015-07-27;5,4947
2015-07-28;5,4104
2015-07-29;5,4526
2015-07-30;5,4456
2015-07-31;5,4807
2015-08-03;5,5439
2015-08-04;5,5580
2015-08-05;5,5791
2015-08-06;5,6282
2015-08-07;5,6282
2015-08-10;5,4807
2015-08-11;5,4385
2015-08-12;5,3753
2015-08-13;5,3121
2015-08-14;5,3331
2015-08-17;5,4456
2015-08-18;5,4456
2015-08-19;5,3261
2015-08-20;5,2629
2015-08-21;5,2067
2015-08-24;5,2348
2015-08-25;5,3121
2015-08-26;5,3191
2015-08-27;5,4104
2015-08-28;5,4104
2015-08-31;5,3472
2015-09-01;5,1013
2015-09-02;5,2839
2015-09-03;5,3402
2015-09-04;5,4877
2015-09-08;5,3292
2015-09-09;5,2013
2015-09-10;5,1515
2015-09-11;5,1800
2015-09-14;5,0805
2015-09-15;5,0094
2015-09-16;5,0734
2015-09-17;4,9739
2015-09-18;4,8247
2015-09-21;4,6968
2015-09-22;4,8673
2015-09-23;4,7536
2015-09-24;4,6826
2015-09-25;4,6257
2015-09-28;4,5120
2015-09-29;4,7607
2015-09-30;4,7749
2015-10-01;4,6968
2015-10-02;4,8034
2015-10-05;5,2297
2015-10-06;5,7910
2015-10-07;5,8123
2015-10-08;5,6489
2015-10-09;5,7555
2015-10-13;5,5850
2015-10-14;5,4358
2015-10-15;5,5921
2015-10-16;5,6063
2015-10-19;5,6844
2015-10-20;5,6489
2015-10-21;5,9331
2015-10-22;5,9545
2015-10-23;5,7910
2015-10-26;5,9331
2015-10-27;5,9331
2015-10-28;5,8692
2015-10-29;5,8266
2015-10-30;5,8621
2015-11-03;6,1108
2015-11-04;6,0610
2015-11-05;6,0255
2015-11-06;6,0753
2015-11-09;6,3239
2015-11-10;6,4305
2015-11-11;6,7005
2015-11-12;6,7148
2015-11-13;6,9279
2015-11-16;6,9208
2015-11-17;7,0274
2015-11-18;6,8924
2015-11-19;6,9563
2015-11-23;6,4155
2015-11-24;5,9495
2015-11-25;5,5553
2015-11-26;5,4048
2015-11-27;5,5123
2015-11-30;5,5410
2015-12-01;5,4549
2015-12-02;5,6270
2015-12-03;5,7703
2015-12-04;5,4406
2015-12-07;5,4764
2015-12-08;5,3618
2015-12-09;5,2256
2015-12-10;5,2614
2015-12-11;5,2829
2015-12-14;5,3044
2015-12-15;5,2901
2015-12-16;5,1252
2015-12-17;5,2256
2015-12-18;5,0822
2015-12-21;4,9962
2015-12-22;4,9173
2015-12-23;4,9173
2015-12-28;4,8170
2015-12-29;4,8672
2015-12-30;5,1037
2016-01-04;5,0679
2016-01-05;4,7381
2016-01-06;4,7453
2016-01-07;4,8026
2016-01-08;5,0392
2016-01-11;5,1969
2016-01-12;5,1969
2016-01-13;5,3044
2016-01-14;5,4478
2016-01-15;5,2757
2016-01-18;5,2686
2016-01-19;5,3331
2016-01-20;5,4764
2016-01-21;5,6987
2016-01-22;5,5195
2016-01-26;5,5553
2016-01-27;5,4478
2016-01-28;5,2686
2016-01-29;5,2256
2016-02-01;5,3976
2016-02-02;5,3116
2016-02-03;5,3689
2016-02-04;5,5195
2016-02-05;5,4478
2016-02-10;5,2686
2016-02-11;5,2757
2016-02-12;5,1610
2016-02-15;5,3761
2016-02-16;5,4263
2016-02-17;5,3402
2016-02-18;5,4478
2016-02-19;5,4549
2016-02-22;5,7345
2016-02-23;5,7990
2016-02-24;5,7703
2016-02-25;6,2004
2016-02-26;6,3581
2016-02-29;6,3725
2016-03-01;6,2793
2016-03-02;6,3079
2016-03-03;6,3796
2016-03-04;5,9854
2016-03-07;5,7990
2016-03-08;5,7703
2016-03-09;5,6843
2016-03-10;5,7632
2016-03-11;5,7990
2016-03-14;5,6259
2016-03-15;5,3804
2016-03-16;5,4887
2016-03-17;5,6332
2016-03-18;5,7776
2016-03-21;5,7054
2016-03-22;5,5971
2016-03-23;5,5032
2016-03-24;5,5971
2016-03-28;5,5609
2016-03-29;5,7848
2016-03-30;5,7487
2016-03-31;5,5971
2016-04-01;5,6693
2016-04-04;5,4671
2016-04-05;5,4743
2016-04-06;5,4165
2016-04-07;5,6187
2016-04-08;6,0520
2016-04-11;5,7271
2016-04-12;5,7632
2016-04-13;6,1531
2016-04-14;6,0665
2016-04-15;6,3120
2016-04-18;6,3554
2016-04-19;6,3554
2016-04-20;6,4420
2016-04-22;6,3265
2016-04-25;6,1893
2016-04-26;6,3987
2016-04-27;6,5431
2016-04-28;6,5720
2016-04-29;6,6804
2016-05-02;6,6659
2016-05-03;6,7526
2016-05-04;6,7165
2016-05-05;6,6515
2016-05-06;6,7670
2016-05-09;6,7309
2016-05-10;6,6876
2016-05-11;6,7742
2016-05-12;7,0053
2016-05-13;6,9476
2016-05-16;6,9475
2016-05-17;7,0346
2016-05-18;7,0999
2016-05-19;7,1145
2016-05-20;7,2233
2016-05-23;7,0419
2016-05-24;6,9475
2016-05-25;7,0927
2016-05-27;7,2306
2016-05-30;7,1508
2016-05-31;7,2524
2016-06-01;7,1508
2016-06-02;7,1290
2016-06-03;7,2524
2016-06-06;7,1580
2016-06-07;7,2596
2016-06-08;7,4339
2016-06-09;7,4121
2016-06-10;7,2016
2016-06-13;7,3250
2016-06-14;6,9838
2016-06-15;7,1870
2016-06-16;7,1145
2016-06-17;7,0709
2016-06-20;7,0491
2016-06-21;7,3322
2016-06-22;7,3685
2016-06-23;7,4774
2016-06-24;7,2669
2016-06-27;7,1508
2016-06-28;7,2596
2016-06-29;7,2669
2016-06-30;7,5936
2016-07-01;7,4121
2016-07-04;7,2524
2016-07-05;7,1508
2016-07-06;7,2451
2016-07-07;7,3613
2016-07-08;7,5065
2016-07-11;7,5791
2016-07-12;7,3177
2016-07-13;7,7823
2016-07-14;7,8767
2016-07-15;7,9130
2016-07-18;7,7097
2016-07-19;7,8404
2016-07-20;7,8259
2016-07-21;7,9856
2016-07-22;8,1308
2016-07-25;8,3486
2016-07-26;8,1235
2016-07-27;8,1961
2016-07-28;8,2179
2016-07-29;8,3486
2016-08-01;8,2034
2016-08-02;8,2034
2016-08-03;7,9856
2016-08-04;8,1163
2016-08-05;8,0945
2016-08-08;8,1381
2016-08-09;7,9493
2016-08-10;7,5500
2016-08-11;7,7025
2016-08-12;7,7025
2016-08-15;7,7174
2016-08-16;7,4172
2016-08-17;7,4831
2016-08-18;7,6515
2016-08-19;7,6149
2016-08-22;7,5417
2016-08-23;7,4831
2016-08-24;7,3147
2016-08-25;7,4319
2016-08-26;7,4612
2016-08-29;7,4026
2016-08-30;7,5783
2016-08-31;7,6149
2016-09-01;7,4245
2016-09-02;7,4904
2016-09-05;7,5490
2016-09-06;7,5637
2016-09-08;7,3586
2016-09-09;7,2049
2016-09-12;7,2488
2016-09-13;7,1024
2016-09-14;7,3220
2016-09-15;7,3440
2016-09-16;7,3879
2016-09-19;7,5051
2016-09-20;7,3440
2016-09-21;7,4612
2016-09-22;7,4172
2016-09-23;7,5124
2016-09-26;7,3220
2016-09-27;7,2781
2016-09-28;7,2854
2016-09-29;7,0877
2016-09-30;7,0731
2016-10-03;7,2122
2016-10-04;7,5344
2016-10-05;7,5783
2016-10-06;7,5783
2016-10-07;7,5270
2016-10-10;7,6515
2016-10-11;7,6003
2016-10-13;7,5417
2016-10-14;7,6369
2016-10-17;7,6881
2016-10-18;7,6149
2016-10-19;7,5270
2016-10-20;7,4685
2016-10-21;7,5856
2016-10-24;7,6808
2016-10-25;7,7980
2016-10-26;7,8931
2016-10-27;7,8712
2016-10-28;7,9957
2016-10-31;7,7687
2016-11-01;7,4612
2016-11-03;7,5051
2016-11-04;7,5344
2016-11-07;7,3001
2016-11-08;7,2342
2016-11-09;7,1243
2016-11-10;6,9486
2016-11-11;7,0511
2016-11-14;7,0848
2016-11-16;7,1668
2016-11-17;7,1221
2016-11-18;7,0177
2016-11-21;7,0326
2016-11-22;7,0102
2016-11-23;6,9878
2016-11-24;7,0475
2016-11-25;7,4949
2016-11-28;7,4651
2016-11-29;7,4577
2016-11-30;7,6441
2016-12-01;7,5024
2016-12-02;7,4577
2016-12-05;7,4577
2016-12-06;7,5844
2016-12-07;7,5695
2016-12-08;7,6814
2016-12-09;7,7858
2016-12-12;7,5695
2016-12-13;7,7187
2016-12-14;7,9424
2016-12-15;7,6888
2016-12-16;7,7634
2016-12-19;7,7560
2016-12-20;7,4875
2016-12-21;7,5844
2016-12-22;7,6068
2016-12-23;7,5322
2016-12-26;7,4577
2016-12-27;7,4502
2016-12-28;7,7261
2016-12-29;7,4651
2017-01-02;7,3383
2017-01-03;7,3831
2017-01-04;7,5248
2017-01-05;7,4502
2017-01-06;7,4800
2017-01-09;7,5173
2017-01-10;7,5919
2017-01-11;7,5695
2017-01-12;7,6068
2017-01-13;7,5173
2017-01-16;7,5994
2017-01-17;7,5173
2017-01-18;7,4577
2017-01-19;7,3533
2017-01-20;7,4129
2017-01-23;7,3458
2017-01-24;7,5173
2017-01-26;7,9424
2017-01-27;7,7858
2017-01-30;7,7560
2017-01-31;7,7485
2017-02-01;7,6292
2017-02-02;7,5322
2017-02-03;7,6888
2017-02-06;7,5844
2017-02-07;7,6516
2017-02-08;7,7933
2017-02-09;7,7187
2017-02-10;7,7411
2017-02-13;8,1288
2017-02-14;8,2034
2017-02-15;8,6434
2017-02-16;8,8597
2017-02-17;8,9194
2017-02-20;9,0238
2017-02-21;9,1729
2017-02-22;9,0760
2017-02-23;9,1729
2017-02-24;8,8150
2017-03-01;8,9492
2017-03-02;8,7553
2017-03-03;8,8821
2017-03-06;9,0611
2017-03-07;8,9790
2017-03-08;8,8746
2017-03-09;8,8000
2017-03-10;8,9417
2017-03-13;9,0983
2017-03-14;9,1058
2017-03-15;9,1804
2017-03-16;9,0983
2017-03-17;9,1580
2017-03-20;9,3598
2017-03-21;9,3975
2017-03-22;9,3072
2017-03-23;9,2846
2017-03-24;9,1266
2017-03-27;8,9159
2017-03-28;8,9912
2017-03-29;9,1341
2017-03-30;9,2395
2017-03-31;9,2545
2017-04-03;9,2545
2017-04-04;9,3297
2017-04-05;9,0514
2017-04-06;8,8106
2017-04-07;8,8783
2017-04-10;8,9535
2017-04-11;8,9234
2017-04-12;8,9310
2017-04-13;8,8031
2017-04-17;9,0288
2017-04-18;8,8934
2017-04-19;9,0288
2017-04-20;8,9159
2017-04-24;8,9234
2017-04-25;9,4276
2017-04-26;9,5178
2017-04-27;9,6608
2017-04-28;10,0069
2017-05-02;9,7586
2017-05-03;9,9317
2017-05-04;9,6307
2017-05-05;9,4200
2017-05-08;9,4050
2017-05-09;9,4877
2017-05-10;9,7887
2017-05-11;9,6307
2017-05-12;9,5931
2017-05-15;9,2996
2017-05-16;9,2086
2017-05-17;9,2921
2017-05-18;8,2680
2017-05-19;8,5184
2017-05-22;8,0708
2017-05-23;8,3818
2017-05-24;8,8142
2017-05-25;9,1707
2017-05-26;9,0645
2017-05-29;9,0645
2017-05-30;9,1024
2017-05-31;9,0266
2017-06-01;8,9886
2017-06-02;9,1404
2017-06-05;9,2465
2017-06-06;9,3603
2017-06-07;9,4665
2017-06-08;9,4058
2017-06-09;9,3983
2017-06-12;9,3224
2017-06-13;9,3983
2017-06-14;9,4741
2017-06-15;9,4741
2017-06-16;9,5955
2017-06-19;9,3300
2017-06-20;9,4817
2017-06-21;9,5575
2017-06-22;9,6334
2017-06-23;9,6031
2017-06-26;9,9747
2017-06-27;10,0127
2017-06-28;9,8685
2017-06-29;9,9672
2017-06-30;10,3995
2017-07-03;10,5436
2017-07-04;10,5512
2017-07-05;10,4299
2017-07-06;10,4299
2017-07-07;10,5892
2017-07-10;10,4754
2017-07-11;10,6195
2017-07-12;10,7712
2017-07-13;11,3022
2017-07-14;11,7270
2017-07-17;11,6208
2017-07-18;11,1505
2017-07-19;10,8546
2017-07-20;10,9988
2017-07-21;11,0746
2017-07-24;11,2263
2017-07-25;11,1581
2017-07-26;10,8091
2017-07-27;10,9608
2017-07-28;11,3704
2017-07-31;11,2946
2017-08-01;11,3780
2017-08-02;11,5297
2017-08-03;11,0746
2017-08-04;11,2036
2017-08-07;11,0746
2017-08-08;10,9988
2017-08-09;10,9229
2017-08-10;10,8091
2017-08-11;10,9229
2017-08-14;10,9048
2017-08-15;10,8513
2017-08-16;10,8895
2017-08-17;10,9277
2017-08-18;10,8436
2017-08-21;10,7596
2017-08-22;10,6526
2017-08-23;10,3546
2017-08-24;10,5227
2017-08-25;10,5074
2017-08-28;11,1570
2017-08-29;10,7214
2017-08-30;10,6602
2017-08-31;10,5456
2017-09-01;10,5838
2017-09-04;10,6602
2017-09-05;10,6985
2017-09-06;10,9048
2017-09-07;10,9048
2017-09-08;11,0270
2017-09-11;11,4244
2017-09-12;11,6078
2017-09-13;11,6002
2017-09-14;11,4626
2017-09-15;11,7072
2017-09-18;11,8524
2017-09-19;11,9593
2017-09-20;12,1504
2017-09-21;11,9211
2017-09-22;11,9823
2017-09-25;11,8447
2017-09-26;11,8447
2017-09-27;11,8829
2017-09-28;11,9823
2017-09-29;11,9976
2017-10-02;12,1275
2017-10-03;12,2268
2017-10-04;12,3414
2017-10-05;12,4561
2017-10-06;12,4943
2017-10-09;12,7617
2017-10-10;13,2355
2017-10-11;13,4495
2017-10-12;13,4495
2017-10-13;13,5259
2017-10-16;13,3731
2017-10-17;12,9910
2017-10-18;13,6711
2017-10-19;13,7781
2017-10-20;13,6787
2017-10-23;13,7093
2017-10-24;14,1067
2017-10-25;13,8621
2017-10-26;13,7399
2017-10-27;13,8927
2017-10-30;13,7628
2017-10-31;13,2202
2017-11-01;13,4953
2017-11-02;13,4953
2017-11-03;12,9910
2017-11-06;13,2279
2017-11-07;12,9910
2017-11-08;13,0903
2017-11-09;12,7617
2017-11-10;12,5095
2017-11-13;12,5630
2017-11-14;12,4561
2017-11-15;12,4561
2017-11-16;12,7617
2017-11-17;12,9451
2017-11-20;12,9451
2017-11-21;13,4206
2017-11-22;13,3822
2017-11-23;13,5360
2017-11-24;13,2283
2017-11-27;13,0745
2017-11-28;13,1899
2017-11-29;13,2283
2017-11-30;12,7669
2017-12-01;12,8823
2017-12-04;12,8592
2017-12-05;12,7438
2017-12-06;12,8592
2017-12-07;12,7592
2017-12-08;12,7669
2017-12-11;12,5054
2017-12-12;12,6131
2017-12-13;12,7592
2017-12-14;12,6900
2017-12-15;12,5285
2017-12-18;12,8438
2017-12-19;12,9053
2017-12-20;12,7361
2017-12-21;13,0438
2017-12-22;13,0361
2017-12-25;13,0361
2017-12-26;13,1437
2017-12-27;13,2745
2017-12-28;13,4206
2017-12-29;13,4206
2018-01-02;13,5360
2018-01-03;13,2053
2018-01-04;13,1899
2018-01-05;13,4206
2018-01-08;13,1514
2018-01-09;13,2437
2018-01-10;12,8823
2018-01-11;12,8669
2018-01-12;13,1591
2018-01-15;13,2283
2018-01-16;13,2591
2018-01-17;13,3899
2018-01-18;13,3745
2018-01-19;12,8669
2018-01-22;12,5746
2018-01-23;12,3977
2018-01-24;12,3747
2018-01-25;12,3747
2018-01-26;12,6823
2018-01-29;12,5285
2018-01-30;12,4208
2018-01-31;12,2901
2018-02-01;12,4208
2018-02-02;12,1516
2018-02-05;12,0747
2018-02-06;11,9747
2018-02-07;11,8901
2018-02-08;11,9286
2018-02-09;12,2208
2018-02-15;12,1901
2018-02-16;12,3131
2018-02-19;12,2901
2018-02-20;12,6131
2018-02-21;12,6900
2018-02-22;13,1015
2018-02-23;13,2188
2018-02-26;13,0624
2018-02-27;13,4300
2018-02-28;13,3987
2018-03-01;13,3753
2018-03-02;13,3753
2018-03-05;13,5381
2018-03-06;13,5538
2018-03-07;13,3256
2018-03-08;13,5145
2018-03-09;13,4043
2018-03-12;13,9552
2018-03-13;13,9946
2018-03-14;14,0497
2018-03-15;13,7663
2018-03-16;13,7585
2018-03-19;13,7742
2018-03-20;13,5381
2018-03-21;13,5381
2018-03-22;13,0580
2018-03-23;13,2311
2018-03-26;13,1367
2018-03-27;12,7510
2018-03-28;12,9871
2018-03-29;13,6168
2018-04-02;13,3492
2018-04-03;13,0501
2018-04-04;12,9950
2018-04-05;12,9950
2018-04-06;12,7038
2018-04-09;12,6565
2018-04-10;12,6014
2018-04-11;12,7116
2018-04-12;12,7510
2018-04-13;12,6250
2018-04-16;12,1292
2018-04-17;11,9245
2018-04-18;12,0819
2018-04-19;12,2472
2018-04-20;12,5936
2018-04-23;12,3653
2018-04-24;12,3968
2018-04-25;12,4598
2018-04-26;12,3653
2018-04-27;12,3338
2018-04-30;12,2866
2018-05-02;12,2394
2018-05-03;11,8065
2018-05-04;11,7278
2018-05-07;11,5703
2018-05-08;11,6727
2018-05-09;11,7278
2018-05-10;11,2319
2018-05-11;11,6412
2018-05-14;11,3657
2018-05-15;10,9013
2018-05-16;11,1296
2018-05-17;10,8541
2018-05-18;10,7124
2018-05-21;10,9265
2018-05-22;11,0930
2018-05-23;10,3794
2018-05-24;10,5459
2018-05-25;10,6014
2018-05-28;10,3080
2018-05-29;10,5856
2018-05-30;10,4508
2018-06-01;10,4349
2018-06-04;10,7045
2018-06-05;10,4666
2018-06-06;10,3001
2018-06-07;9,6261
2018-06-08;9,9274
2018-06-11;9,6340
2018-06-12;9,6975
2018-06-13;9,7133
2018-06-14;9,6103
2018-06-15;9,5785
2018-06-18;9,3962
2018-06-19;9,7530
2018-06-20;9,7609
2018-06-21;9,1979
2018-06-22;9,5151
2018-06-25;9,3169
2018-06-26;9,4437
2018-06-27;9,1900
2018-06-28;9,6658
2018-06-29;9,5944
2018-07-02;9,6023
2018-07-03;9,5865
2018-07-04;9,7133
2018-07-05;9,8085
2018-07-06;9,8878
2018-07-10;9,9116
2018-07-11;9,9274
2018-07-12;9,9909
2018-07-13;9,8323
2018-07-16;10,0067
2018-07-17;9,9988
2018-07-18;10,1336
2018-07-19;9,9988
2018-07-20;10,2050
2018-07-23;10,1098
2018-07-24;10,2842
2018-07-25;10,4190
2018-07-26;10,4270
2018-07-27;10,2842
2018-07-30;10,3080
2018-07-31;10,1098
2018-08-01;10,2684
2018-08-02;10,1891
2018-08-03;10,2763
2018-08-06;10,3556
2018-08-07;10,3080
2018-08-08;10,2525
2018-08-09;9,8719
2018-08-10;9,6182
2018-08-13;9,6499
2018-08-14;10,0702
2018-08-15;9,8244
2018-08-16;9,8006
2018-08-17;9,5548
2018-08-20;9,8320
2018-08-21;9,5680
2018-08-22;9,8240
2018-08-23;9,8400
2018-08-24;9,7760
2018-08-27;10,0400
2018-08-28;10,1520
2018-08-29;10,0080
2018-08-30;9,6000
2018-08-31;9,6800
2018-09-03;9,8400
2018-09-04;9,3280
2018-09-05;9,3280
2018-09-06;9,5280
2018-09-10;9,5360
2018-09-11;9,2480
2018-09-12;9,1280
2018-09-13;8,7360
2018-09-14;9,0480
2018-09-17;8,9680
2018-09-18;9,2000
2018-09-19;9,5040
2018-09-20;9,2080
2018-09-21;9,7600
2018-09-24;9,6800
2018-09-25;9,6800
2018-09-26;9,5840
2018-09-27;9,9760
2018-09-28;9,8000
2018-10-01;9,6320
2018-10-02;10,0000
2018-10-03;10,5680
2018-10-04;10,1200
2018-10-05;10,4000
2018-10-08;10,8000
2018-10-09;10,9600
2018-10-10;10,8800
2018-10-11;10,9360
2018-10-15;10,6160
2018-10-16;10,7520
2018-10-17;10,7360
2018-10-18;10,8000
2018-10-19;12,4000
2018-10-22;11,6080
2018-10-23;11,6320
2018-10-24;12,0000
2018-10-25;12,0000
2018-10-26;12,3200
2018-10-29;11,6000
2018-10-30;12,1520
2018-10-31;12,1520
2018-11-01;12,5200
2018-11-05;12,3280
2018-11-06;12,5360
2018-11-07;12,6240
2018-11-08;12,4000
2018-11-09;12,3840
2018-11-12;12,0720
2018-11-13;12,1920
2018-11-14;12,1680
2018-11-16;12,5680
2018-11-19;12,3920
2018-11-21;12,2720
2018-11-22;12,2880
2018-11-23;12,0480
2018-11-26;11,9120
2018-11-27;12,2240
2018-11-28;12,8800
2018-11-29;12,6640
2018-11-30;13,0400
2018-12-03;12,9520
2018-12-04;12,7200
2018-12-05;12,7760
2018-12-06;12,9200
2018-12-07;12,4080
2018-12-10;12,3520
2018-12-11;12,5200
2018-12-12;12,7600
2018-12-13;12,7600
2018-12-14;12,8080
2018-12-17;12,6800
2018-12-18;12,7760
2018-12-19;12,8960
2018-12-20;13,2000
2018-12-21;13,3600
2018-12-26;13,0640
2018-12-27;13,4960
2018-12-28;13,6160
2019-01-02;14,0000
2019-01-03;14,0240
2019-01-04;13,9200
2019-01-07;13,8880
2019-01-08;14,1600
2019-01-09;15,1520
2019-01-10;15,2000
2019-01-11;15,1920
2019-01-14;15,2000
2019-01-15;15,1600
2019-01-16;15,1200
2019-01-17;15,0800
2019-01-18;15,0400
2019-01-21;15,1200
2019-01-22;15,6720
2019-01-23;15,9200
2019-01-24;16,1600
2019-01-28;16,0560
2019-01-29;15,9920
2019-01-30;16,1200
2019-01-31;16,0480
2019-02-01;16,1120
2019-02-04;16,2720
2019-02-05;16,4640
2019-02-06;15,9600
2019-02-07;15,8000
2019-02-08;15,8560
2019-02-11;15,6480
2019-02-12;15,8880
2019-02-13;15,8240
2019-02-14;15,8000
2019-02-15;15,4400
2019-02-18;15,6880
2019-02-19;16,0000
2019-02-20;15,6000
2019-02-21;15,6960
2019-02-22;15,2560
2019-02-25;15,4560
2019-02-26;15,3200
2019-02-27;15,4160
2019-02-28;15,3440
2019-03-01;15,9520
2019-03-07;15,5360
2019-03-08;16,3040
2019-03-11;16,4640
2019-03-12;16,2560
2019-03-13;16,0000
2019-03-14;15,9200
2019-03-15;16,1760
2019-03-18;15,8400
2019-03-19;15,6800
2019-03-20;15,4400
2019-03-21;15,4200
2019-03-22;15,1700
2019-03-25;15,2600
2019-03-26;15,3500
2019-03-27;14,9600
2019-03-28;15,0600
2019-03-29;15,3800
2019-04-01;15,3900
2019-04-02;15,2400
2019-04-03;15,0700
2019-04-04;15,2900
2019-04-05;15,9800
2019-04-08;15,3600
2019-04-09;15,0300
2019-04-10;15,1100
2019-04-11;15,2500
2019-04-12;15,2000
2019-04-15;15,3500
2019-04-16;15,2500
2019-04-17;15,1500
2019-04-18;15,3500
2019-04-22;15,2000
2019-04-23;15,2000
2019-04-24;15,2400
2019-04-25;15,8500
2019-04-26;15,6300
2019-04-29;15,5000
2019-04-30;15,6500
2019-05-02;15,6500
2019-05-03;15,7500
2019-05-06;15,6700
2019-05-07;15,8000
2019-05-08;16,1200
2019-05-09;16,1000
2019-05-10;16,5800
2019-05-13;16,4800
2019-05-14;16,8500
2019-05-15;17,0000
2019-05-16;17,2600
2019-05-17;17,3000
2019-05-20;17,6100
2019-05-21;18,0000
2019-05-22;17,7500
2019-05-23;18,1200
2019-05-24;17,8600
2019-05-27;17,9600
2019-05-28;18,1700
2019-05-29;18,2500
2019-05-30;18,4800
2019-05-31;18,3600
2019-06-03;17,9500
2019-06-04;17,6500
2019-06-05;17,3000
2019-06-06;17,7300
2019-06-07;18,1500
2019-06-10;18,3000
2019-06-11;18,4300
2019-06-12;18,4000
2019-06-13;18,4800
2019-06-14;18,8700
2019-06-17;19,7000
2019-06-18;20,3500
2019-06-19;20,3200
2019-06-21;20,7800
2019-06-24;20,3700
2019-06-25;20,2900
2019-06-26;20,2900
2019-06-27;20,5400
2019-06-28;20,4100
2019-07-01;20,6200
2019-07-02;21,1000
2019-07-03;21,1000
2019-07-04;21,2900
2019-07-05;21,4500
2019-07-08;21,0000
2019-07-10;22,2000
2019-07-11;21,9000
2019-07-12;21,7200
2019-07-15;21,3300
2019-07-16;21,3000
2019-07-17;21,8200
2019-07-18;21,8500
2019-07-19;21,6900
2019-07-22;21,1200
2019-07-23;21,2200
2019-07-24;21,0000
2019-07-25;20,6200
2019-07-26;20,6700
2019-07-29;20,6000
2019-07-30;21,0500
2019-07-31;20,7500
2019-08-01;21,1000
2019-08-02;21,0500
2019-08-05;20,8000
2019-08-06;21,1800
2019-08-07;21,4000
2019-08-08;22,1700
2019-08-09;23,2000
2019-08-12;23,8000
2019-08-13;24,1900
2019-08-14;23,9900
2019-08-15;23,8000
2019-08-16;24,0200
2019-08-19;23,9500
2019-08-20;23,5000
2019-08-21;24,1700
2019-08-22;24,2400
2019-08-23;23,5800
2019-08-26;23,2000
2019-08-27;24,1300
2019-08-28;24,5000
2019-08-29;24,9000
2019-08-30;24,7800
2019-09-02;24,6000
2019-09-03;23,8600
2019-09-04;23,7500
2019-09-05;23,6000
2019-09-06;23,0000
2019-09-09;22,5500
2019-09-10;22,5800
2019-09-11;23,4400
2019-09-12;22,8200
2019-09-13;22,8400
2019-09-16;23,3300
2019-09-17;23,7700
2019-09-18;24,2900
2019-09-19;24,3100
2019-09-20;24,4900
2019-09-23;23,9500
2019-09-24;24,7200
2019-09-25;24,7500
2019-09-26;25,6200
2019-09-27;25,8000
2019-09-30;25,9000
2019-10-01;25,6800
2019-10-02;25,3400
2019-10-03;25,3500
2019-10-04;25,8400
2019-10-07;24,9700
2019-10-08;24,6400
2019-10-09;24,8800
2019-10-10;24,9800
2019-10-11;25,7500
2019-10-14;26,1300
2019-10-15;26,5500
2019-10-16;26,7900
2019-10-17;27,3300
2019-10-18;27,6300
2019-10-21;27,1500
2019-10-22;27,0000
2019-10-23;26,9500
2019-10-24;26,5500
2019-10-25;26,7900
2019-10-28;27,0700
2019-10-29;27,0600
2019-10-30;27,6300
2019-10-31;27,2400
2019-11-01;27,8000
2019-11-04;27,2800
2019-11-05;27,2000
2019-11-06;27,3500
2019-11-07;27,3300
2019-11-08;27,7800
2019-11-11;29,0000
2019-11-12;28,3600
2019-11-13;28,4000
2019-11-14;29,3100
2019-11-18;28,9000
2019-11-19;29,1100
2019-11-21;29,6500
2019-11-22;30,8300
2019-11-25;30,8000
2019-11-26;30,5500
2019-11-27;31,0000
2019-11-28;31,3000
2019-11-29;31,7800
2019-12-02;31,1600
2019-12-03;31,1500
2019-12-04;31,1500
2019-12-05;31,3000
2019-12-06;32,0500
2019-12-09;31,7300
2019-12-10;32,0000
2019-12-11;33,0800
2019-12-12;32,3000
2019-12-13;33,2000
2019-12-16;32,9900
2019-12-17;32,1000
2019-12-18;32,3000
2019-12-19;32,7200
2019-12-20;32,3500
2019-12-23;32,7000
2019-12-26;32,8600
2019-12-27;32,9700
